{
   "version": "4.22.1",
   "system": {
      "manufacturer": "Hewlett-Packard",
      "model": "HP Pavilion dv7 Notebook PC",
      "version": "0582120000242B20010620100",
      "serial": "CNF051C184",
      "uuid": "30464E43-3135-3143-3834-78ACC0525E45",
      "sku": "XZ033UA#ABA"
   },
   "bios": {
      "vendor": "Hewlett-Packard",
      "version": "HPQOEM - 1",
      "releaseDate": "2011-11-07",
      "revision": ""
   },
   "baseboard": {
      "manufacturer": "Hewlett-Packard",
      "model": "163D",
      "version": "65.38",
      "serial": "PL62E011ZZT3UZ",
      "assetTag": ""
   },
   "chassis": {
      "manufacturer": "Hewlett-Packard",
      "model": "",
      "type": "Notebook",
      "version": "N/A",
      "serial": "None",
      "assetTag": "",
      "sku": ""
   },
   "os": {
      "platform": "win32",
      "distro": "Microsoft Windows 10 Pro",
      "release": "10.0.18363",
      "codename": "",
      "kernel": "10.0.18363",
      "arch": "x64",
      "hostname": "DESKTOP-5K5LFLC",
      "codepage": " 437",
      "logofile": "windows",
      "serial": "00330-75034-95018-AAOEM",
      "build": "18363",
      "servicepack": "0.0",
      "uefi": false
   },
   "uuid": {
      "os": "cc3f88bb-508c-42b9-a82a-3bf043cf07bd"
   },
   "versions": {
      "kernel": "10.0.18363",
      "openssl": "1.1.0",
      "systemOpenssl": "",
      "systemOpensslLib": "",
      "node": "12.13.0",
      "v8": "8.0.426.8-electron.0",
      "npm": "",
      "yarn": "",
      "pm2": "",
      "gulp": "",
      "grunt": "",
      "git": "",
      "tsc": "",
      "mysql": "",
      "redis": "",
      "mongodb": "",
      "apache": "",
      "nginx": "",
      "php": "",
      "docker": "",
      "postfix": "",
      "postgresql": "",
      "perl": "",
      "python": "",
      "python3": "",
      "pip": "",
      "pip3": "",
      "java": "1.8.0_201",
      "gcc": "",
      "virtualbox": ""
   },
   "cpu": {
      "manufacturer": "Intel®",
      "brand": "Core™ i5 M 480",
      "vendor": "GenuineIntel",
      "family": "6",
      "model": "37",
      "stepping": "5",
      "revision": "9477",
      "voltage": "",
      "speed": "2.67",
      "speedmin": "",
      "speedmax": "2.67",
      "governor": "",
      "cores": 4,
      "physicalCores": 2,
      "processors": 1,
      "socket": "ZIF Socket",
      "cache": {
         "l1d": 32,
         "l1i": 32,
         "l2": 262144,
         "l3": 3145728
      },
      "flags": "de msr mce sep mtrr mca cmov psn clfsh ds acpi mmx fxsr sse sse2 ss htt tm ia64"
   },
   "graphics": {
      "controllers": [
         {
            "vendor": "Advanced Micro Devices, Inc.",
            "model": "AMD Radeon HD 6300M Series",
            "bus": "PCI",
            "vram": 512,
            "vramDynamic": true
         },
         {
            "vendor": "Intel Corporation",
            "model": "Intel(R) HD Graphics",
            "bus": "PCI",
            "vram": 3770.927734375,
            "vramDynamic": true
         }
      ],
      "displays": [
         {
            "vendor": "",
            "model": "Default Monitor",
            "main": true,
            "builtin": true,
            "connection": "INTERNAL",
            "resolutionx": 1600,
            "resolutiony": 900,
            "sizex": 38,
            "sizey": 21,
            "pixeldepth": 32,
            "currentResX": 1600,
            "currentResY": 900,
            "positionX": 0,
            "positionY": 0,
            "currentRefreshRate": 60
         }
      ]
   },
   "net": [
      {
         "iface": "Wi-Fi",
         "ifaceName": "Intel(R) Centrino(R) Wireless-N 1000",
         "ip4": "192.168.1.9",
         "ip6": "2604:6000:130e:12a0:dd1a:4a32:3af4:7e8b",
         "mac": "00:26:c7:df:eb:16",
         "internal": false,
         "virtual": false,
         "operstate": "up",
         "type": "wireless",
         "duplex": "",
         "mtu": "",
         "speed": 43,
         "dhcp": "true",
         "dnsSuffix": "home",
         "ieee8021xAuth": "Not defined",
         "ieee8021xState": "Disabled",
         "carrierChanges": 0
      },
      {
         "iface": "Loopback Pseudo-Interface 1",
         "ifaceName": "Loopback Pseudo-Interface 1",
         "ip4": "127.0.0.1",
         "ip6": "::1",
         "mac": "00:00:00:00:00:00",
         "internal": true,
         "virtual": false,
         "operstate": "down",
         "type": "",
         "duplex": "",
         "mtu": "",
         "speed": -1,
         "dhcp": false,
         "dnsSuffix": "",
         "ieee8021xAuth": "Not defined",
         "ieee8021xState": "Disabled",
         "carrierChanges": 0
      }
   ],
   "memLayout": [
      {
         "size": 4294967296,
         "bank": "BANK 0",
         "type": "DDR3",
         "clockSpeed": 0,
         "formFactor": "SODIMM",
         "manufacturer": "",
         "partNum": "",
         "serialNum": "FFFFFFFF",
         "voltageConfigured": 0,
         "voltageMin": 0,
         "voltageMax": 0
      },
      {
         "size": 4294967296,
         "bank": "BANK 1",
         "type": "DDR3",
         "clockSpeed": 0,
         "formFactor": "SODIMM",
         "manufacturer": "",
         "partNum": "",
         "serialNum": "FFFFFFFF",
         "voltageConfigured": 0,
         "voltageMin": 0,
         "voltageMax": 0
      }
   ],
   "diskLayout": [
      {
         "device": "",
         "type": "HD",
         "name": "SAMSUNG HM641JI",
         "vendor": "(Standard disk drives)",
         "size": 640132416000,
         "bytesPerSector": 512,
         "totalCylinders": 77825,
         "totalHeads": 255,
         "totalSectors": 1250258625,
         "totalTracks": 19845375,
         "tracksPerCylinder": 255,
         "sectorsPerTrack": 63,
         "firmwareRevision": "2AJ10003",
         "serialNum": "S25YJDNZC17826",
         "interfaceType": "SATA",
         "smartStatus": "Ok"
      }
   ]
}